continent,continentCode,country,countryCode,primaryHEX,primaryRGB,primaryHSL,primaryCSS,secondaryHEX,secondaryRGB,secondaryHSL,secondaryCSS,secondaryNotes
Asia,AS,Afghanistan,AFG,#000000/#be0000/#090/#ffffff,"rgb(0,0,0)/rgb(190,0,0)/rgb(0,153,0)/rgb(255,255,255)","hsl(0,0%,0%)/hsl(0,100%,37%)/hsl(120,100%,30%)/hsl(0,0%,100%)",black/firebrick/green/white,#035AB8,"rgb(3,90,184)","hsl(211,97%,37%)",darkcyan,Color used by the Afghanistan national cricket team.
Europe,EU,Aland Islands,ALA,#0052a6/#ffcf00/#d30731,"rgb(0,82,166)/rgb(255,207,0)/rgb(211,7,49)","hsl(210,100%,33%)/hsl(49,100%,50%)/hsl(348,94%,43%)",teal/gold/crimson,,,,,
Europe,EU,Albania,ALB,#e41e20/#000000,"rgb(228,30,32)/rgb(0,0,0)","hsl(359,79%,51%)/hsl(0,0%,0%)",crimson/black,,,,,
Africa,AF,Algeria,DZA,#006230/#d30731/#ffffff,"rgb(0,98,48)/rgb(211,7,49)/rgb(255,255,255)","hsl(149,100%,19%)/hsl(348,94%,43%)/hsl(0,0%,100%)",darkgreen/crimson/white,,,,,
Oceania,OC,American Samoa,ASM,#006/#be071c/#ffffff,"rgb(0,0,102)/rgb(190,7,28)/rgb(255,255,255)","hsl(240,100%,20%)/hsl(353,93%,39%)/hsl(0,0%,100%)",navy/firebrick/white,,,,,
Europe,EU,Andorra,AND,#0010a9/#fee000/#d10737,"rgb(0,16,169)/rgb(254,224,0)/rgb(209,7,55)","hsl(234,100%,33%)/hsl(53,100%,50%)/hsl(346,94%,42%)",darkblue/gold/crimson,,,,,
Africa,AF,Angola,AGO,#cd022b/#000000/#FC0,"rgb(205,2,43)/rgb(0,0,0)/rgb(255,204,0)","hsl(348,98%,41%)/hsl(0,0%,0%)/hsl(48,100%,50%)",crimson/black/gold,,,,,
North America,NA,Anguilla,AIA,#ff9900/#00ccff/#ffffff,"rgb(255,153,0)/rgb(0,204,0)/rgb(255,255,255)","hsl(36,100%,50%)/hsl(192,100%,50%)/hsl(0,0%,100%)",orange/deepskyblue/white,,,,,
Antarctica,AN,Antarctica,ATA,#01275e/#fffffffff,"rgb(1,39,94)/rgb(255,255,255)","hsl(215,98%,19%)/hsl(0,0%,100%)",midnightblue/white,#377ecf/#fffffffff,"rgb(55,126,207)/rgb(255,255,255)","hsl(212,61%,51%)/hsl(0,0%,100%)",royalblue/white,Colors from the Graham Bartram design.
Antarctica,AN,Australian Antarctic Claim,ATAAUS,#001C69/#ffffff,"rgb(0,28,105)/rgb(255,255,255)","hsl(224,100%,21%)/hsl(0,0%,100%)",midnightblue/white,#92D4F7/#ffffff,"rgb(146,212,247)/rgb(255,255,255)","hsl(201,86%,77%)/hsl(0,0%,100%)",lightskyblue/white,Colors from the unofficially proposed flag for the territory.
Antarctica,AN,Argentinian Antarctic Claim,ATAARG,#fd9730/#1983dd/#ffffff,"rgb(253,151,48)/rgb(25,131,221)/rgb(255,255,255)","hsl(30,98%,59%)/hsl(208,80%,48%)/hsl(0,0%,100%)",coral/dodgerblue/white,,,,,
Antarctica,AN,Chilean Antarctic Claim,ATACHL,#00c/#fdcb00/#ffffff,"rgb(0,0,204/rgb(253,203,0)/rgb(255,255,255)","hsl(240,100%,40%)/hsl(48,100%,50%)/hsl(0,0%,100%)",mediumblue/gold/white,,,,,
Antarctica,AN,French Antarctic Claim,ATAFRA,#001e96/#ffffff,"rgb(0,30,150)/rgb(255,255,255)","hsl(228,100%,29%)/hsl(0,0%,100%)",darkblue/white,,,,,
Antarctica,AN,New Zealands Antarctic Claim,ATANZL,#001c69/#c9072a/#ffffff,"rgb(0,28,105)/rgb(201,7,42)/rgb(255,255,255)","hsl(224,100%,21%)/hsl(349,93%,41%)/hsl(0,0%,100%)",midnightblue/crimson/white,#6699E5/#ffffff/#CE142B,"rgb(102,153,229)/rgb(255,255,255)/rgb(206,20,43)","hsl(216,71%,65%)/hsl(0,0%,100%)/hsl(353,82%,44%)",cornflowerblue/white/crimson,Colors from the unofficial flag of the Ross Dependancy.
Antarctica,AN,Norwegian Antarctic Claim,ATANOR,#f02729/#ffffff/#002468,"rgb(240,39,41)/rgb(255,255,255)/rgb(0,36,104)","hsl(359,87%,55%)/hsl(0,0%,100%)/hsl(219,100%,20%)",crimson/white/midnightblue,,,,,
Antarctica,AN,British Antarctic Claim,ATAGBR,#ffffff/#df0807/#001c69/#fff700,"rgb(255,255,255)/rgb(223,8,7)/rgb(0,28,105)/rgb(255,247,0)","hsl(0,0%,100%)/hsl(0,94%,45%)/hsl(224,100%,21%)/hsl(58,100%,50%)",white/red/midnightblue/yellow,,,,,
North America,NA,Antigua and Barbuda,ATG,#cf0921/#ffffff/#0072c7/#000000/#fcd20f,"rgb(207,9,33)/rgb(255,255,255)/rgb(0,114,199)/rgb(0,0,0)/rgb(252,210,15)","hsl(353,92%,42%)/hsl(0,0%,100%)/hsl(206,100%,39%)/hsl(0,0%,0%)/hsl(49,98%,52%)",crimson/white/darkcyan/black/gold,,,,,
South America,SA,Argentina,ARG,#5eacff/#ffffff/#fac519,"rgb(94,172,255)/rgb(255,255,255)/rgb(250,197,25)","hsl(211,100%,68%)/hsl(0,0%,100%)/hsl(46,96%,54%)",cornflowerblue/white/gold,#006A93/#000000,"rgb(0,106,147)/rgb(0,0,0)","hsl(197,100%,29%)/hsl(0,0%,0%)",teal/black,Colors used in sports.
Asia,AS,Armenia,ARM,#da000a/#0030a1/#f2a900,"rgb(218,0,10)/rgb(0,48,161)/rgb(242,169,0)","hsl(357,100%,43%)/hsl(222,100%,32%)/hsl(42,100%,48%)",red/darkblue/orange,,,,,
North America,NA,Aruba,ABW,#ffd200/#3f90df/#ffffff/#f0303e,"rgb(255,210,0)/rgb(63,144,223)/rgb(255,255,255)/rgb(240,48,62)","hsl(49,100%,50%)/hsl(210,71%,56%)/hsl(0,0%,100%)/hsl(356,87%,57%)",gold/royalblue/white/crimson,#ffffff/#ae1c28/#21468b,"rgb(255,255,255)/rgb(174,28,40)/rgb(33,70,139)","hsl(0,0%,100%)/hsl(355,72%,40%)/hsl(219,62%,34%)",white/firebrick/darkslateblue,Colors used in the govenors standard.
Oceania,OC,Australia,AUS,#23b14d/#ffcc33,"rgb(35,177,77)/rgb(255,204,51)","hsl(138,67%,42%)/hsl(45,100%,60%)",seagreen/gold,#001c69/#ffffff,"rgb(0,28,105)/rgb(255,255,255)","hsl(224,100%,21%)/hsl(0,0%,100%)",midnightblue/white,Colors from the Australian flag.
Europe,EU,Austria,AUT,#ee2536/#ffffff,"rgb(238,37,54)/rgb(255,255,255)","hsl(355,86%,54%)/hsl(0,0%,100%)",crimson/white,,,,,
Asia,AS,Azerbaijan,AZE,#00bbe5/#ee2536/#3d9d32,"rgb(0,187,229)/rgb(238,37,54)/rgb(61,157,50)","hsl(191,100%,45%)/hsl(355,86%,54%)/hsl(114,52%,41%)",deepskyblue/crimson/forestgreen,,,,,
North America,NA,Bahamas,BHS,#00778c/#ffc828/#000000,"rgb(0,119,140)/rgb(255,200,40)/rgb(0,0,0)","hsl(189,100%,28%)/hsl(45,100%,58%)/hsl(0,0%,0%)",teal/gold/black,,,,,
Asia,AS,Bahrain,BHR,#cf0921/#ffffff,"rgb(207,9,33)/rgb(255,255,255)","hsl(353,92%,42%)/hsl(0,0%,100%)",crimson/white,,,,,
Asia,AS,Bangladesh,BGD,#f42a41/#006a4e/#ff9900,"rgb(244,42,65)/rgb(0,106,78)/rgb(255,153,0)","hsl(353,90%,56%)/hsl(164,100%,21%)/hsl(36,100%,50%)",crimson/darkslategray/orange,#ffffff,"rgb(255,255,255)","hsl(0,0%,100%)",white,Color used in football.
North America,NA,Barbados,BRB,#002180/#ffc821/#000000,"rgb(0,33,128)/rgb(255,200,33)/rgb(0,0,0)","hsl(225,100%,25%)/hsl(45,100%,57%)/hsl(0,0%,0%)",midnightblue/gold/black,,,,,
Europe,EU,Belarus,BLR,#cf0f1a/#ffffff/#007d2d,"rgb(207,15,26)/rgb(255,255,255)/rgb(0,125,45)","hsl(357,87%,44%)/hsl(0,0%,100%)/hsl(142,100%,25%)",firebrick/white/forestgreen,#e2c226,"rgb(226,194,38)","hsl(50,76%,52%)",goldenrod,Color of the national insignia often used on the flag.
Europe,EU,Belgium,BEL,#000000/#fae140/#ee2536,"rgb(0,0,0)/rgb(250,225,64)/rgb(238,37,54)","hsl(0,0%,0%)/hsl(52,95%,62%)/hsl(355,86%,54%)",black/gold/crimson,#96e0f9/#fae140/#000000,"rgb(150,224,249)/rgb(250,225,64)/rgb(0,0,0)","hsl(195,89%,78%)/hsl(52,95%,62%)/hsl(0,0%,0%)",lightskyblue/gold/black,Colors used in cycling.
North America,NA,Belize,BLZ,#0f0f97/#da0712/#ffffff,"rgb(15,15,151)/rgb(218,7,18)/rgb(255,255,255)","hsl(240,82%,33%)/hsl(357,94%,44%)/hsl(0,0%,100%)",darkblue/red/white,#009dc4,"rgb(0,157,196)","hsl(192,100%,38%)",lightseagreen,Color used in sports.
Africa,AF,Benin,BEN,#008651/#fdd116/#e7112d,"rgb(0,134,81)/rgb(253,209,22)/rgb(231,17,45)","hsl(156,100%,26%)/hsl(49,98%,54%)/hsl(352,86%,49%)",seagreen/gold/crimson,,,,,
North America,NA,Bermuda,BMU,#c9072a/#001c69/#ffffff,"rgb(201,7,42)/rgb(0,28,105)/rgb(255,255,255)","hsl(349,93%,41%)/hsl(224,100%,21%)/hsl(0,0%,100%)",crimson/midnightblue/white,#00468c,"rgb(0,70,140)","hsl(210,100%,28%)",midnightblue,Color used in sports.
Asia,AS,Bhutan,BTN,#ff4d0a/#ffd61a/#ffffff,"rgb(255,77,10)/rgb(255,214,26)/rgb(255,255,255)","hsl(16,100%,52%)/hsl(49,100%,55%)/hsl(0,0%,100%)",orangered/gold/white,#9d0b0e,"rgb(157,11,14)","hsl(359,87%,33%)",darkred,Color used in football.
South America,SA,Bolivia,BOL,#d41a09/#f1e639/#007029,"rgb(212,26,9)/rgb(241,230,57)/rgb(0,112,41)","hsl(5,92%,43%)/hsl(56,87%,58%)/hsl(142,100%,22%)",firebrick/gold/darkgreen,#ffffff,"rgb(255,255,255)","hsl(0,0%,100%)",white,Color used in sports.
North America,NA,Bonaire,BES,#f9da07/#002688/#ffffff/#dd0f17,"rgb(249,218,7)/rgb(0,38,136)/rgb(255,255,255)/rgb(221,15,23)","hsl(52,95%,50%)/hsl(223,100%,27%)/hsl(0,0%,100%)/hsl(358,87%,46%)",gold/midnightblue/white/crimson,,,,,
Europe,EU,Bosnia and Herzegovina,BIH,#001e96/#edc109/#ffffff,"rgb(0,30,150)/rgb(237,193,9)/rgb(255,255,255)","hsl(228,100%,29%)/hsl(48,93%,48%)/hsl(0,0%,100%)",darkblue/gold/white,#ee161f/#3650a4/#ffffff,"rgb(238,22,31)/rgb(54,80,164)/rgb(255,255,255)","hsl(358,86%,51%)/hsl(226,51%,43%)/hsl(0,0%,100%)",crimson/darkslateblue/white,Colors of the flag of Republika Srpska.
Africa,AF,Botswana,BWA,#76a8db/#000000/#fcfcfc,"rgb(118,168,291)/rgb(0,0,0)/rgb(252,252,252)","hsl(210,58%,66%)/hsl(0,0%,0%)/hsl(0,0%,99%)",cornflowerblue/black/snow,,,,,
South America,SA,Bouvet Island,BVT,#f02729/#ffffff/#002468,"rgb(240,39,41)/rgb(255,255,255)/rgb(0,36,104)","hsl(359,87%,55%)/hsl(0,0%,100%)/hsl(219,100%,20%)",crimson/white/midnightblue,,,,,
South America,SA,Brazil,BRA,#009c37/#fee000,"rgb(0,156,55)/rgb(254,224,0)","hsl(141,100%,31%)/hsl(53,100%,50%)",forestgreen/gold,#002376/#ffffff,"rgb(0,35,118)/rgb(255,255,255)","hsl(222,100%,23%)/hsl(0,0%,100%)",midnightblue/white,Colors are secondary elements of the flag of Brazil.
Africa,AF,British Indian Ocean Territory,IOT,#001c69/#ffffff,"rgb(0,28,105)/rgb(255,255,255)","hsl(224,100%,21%)/hsl(0,0%,100%)",midnightblue/white,,,,,
Asia,AS,Brunei,BRN,#f7e10f/#000000/#ffffff/#d00921,"rgb(247,225,15)/rgb(0,0,0)/rgb(255,255,255)/rgb(208,9,33)","hsl(54,94%,51%)/hsl(0,0%,0%)/hsl(0,0%,100%)/hsl(353,92%,43%)",gold/black/white/crimson,#048a41/#2e2e2e,"rgb(4,138,65)/rgb(46,46,46)","hsl(147,94%,28%)/hsl(0,0%,18%)",forestgreen/darkslategray,Colors used in football.
Europe,EU,Bulgaria,BGR,#ffffff/#00976e/#d7210a,"rgb(255,255,255)/rgb(0,151,110)/rgb(215,33,10)","hsl(0,0%,100%)/hsl(164,100%,30%)/hsl(7,91%,44%)",white/teal/firebrick,,,,,
Africa,AF,Burkina Faso,BFA,#ef2b2d/#009e49/#fed116,"rgb(239,43,45)/rgb(0,158,73)/rgb(254,209,22)","hsl(359,86%,55%)/hsl(148,100%,31%)/hsl(48,99%,54%)",crimson/seagreen/gold,,,,,
Africa,AF,Burundi,BDI,#cf0921/#ffffff/#18b737,"rgb(207,9,33)/rgb(255,255,255)/rgb(24,183,55)","hsl(353,92%,42%)/hsl(0,0%,100%)/hsl(132,77%,41%)",crimson/white/limegreen,,,,,
Africa,AF,Cabo Verde,CPV,#013893/#ffffff/#ce1127/#ffc900,"rgb(1,56,147)/rgb(255,255,255)/rgb(206,17,39)/rgb(255,201,0)","hsl(217,99%,29%)/hsl(0,0%,100%)/hsl(353,85%,44%)/hsl(47,100%,50%)",midnightblue/white/crimson/gold,,,,,
Asia,AS,Cambodia,KHM,#e10020/#002aa2/#ffffff,"rgb(225,0,32)/rgb(0,42,162)/rgb(255,255,255)","hsl(351,100%,44%)/hsl(224,100%,32%)/hsl(0,0%,100%)",crimson/darkblue/white,#000000,"rgb(0,0,0)","hsl(0,0%,0%)",black,Color used in football.
Africa,AF,Cameroon,CMR,#007a5e/#ce1126/#fcd116,"rgb(0,122,94)/rgb(206,17,38)/rgb(252,209,22)","hsl(166,100%,24%)/hsl(353,85%,44%)/hsl(49,97%,54%)",teal/crimson/gold,,,,,
North America,NA,Canada,CAN,#db2516/#ffffff,"rgb(219,37,22)/rgb(255,255,255)","hsl(5,82%,47%)/hsl(0,0%,100%)",crimson/white,#000000,"rgb(0,0,0)","hsl(0,0%,0%)",black,Color used in sports.
North America,NA,Cayman Islands,CYM,#034fa1/#d00c27/#ffffff,"rgb(3,79,161)/rgb(208,12,39)/rgb(255,255,255)","hsl(211,96%,32%)/hsl(352,89%,43%)/hsl(0,0%,100%)",teal/crimson/white,,,,,
Africa,AF,Central African Republic,CAF,#08399c/#ffffff/#319400/#ffde00/#ef2900,"rgb(8,57,156)/rgb(255,255,255)/rgb(49,148,0)/rgb(255,222,0)/rgb(239,41,0)","hsl(220,90%,32%)/hsl(0,0%,100%)/hsl(100,100%,29%)/hsl(52,100%,50%)/hsl(10,100%,47%)",midnightblue/white/forestgreen/gold/orangered,,,,,
Africa,AF,Chad,TCD,#002b7f/#fcd116/#ce1126,"rgb(0,43,127)/rgb(252,209,22)/rgb(206,17,38)","hsl(220,100%,25%)/hsl(49,97%,54%)/hsl(353,85%,44%)",midnightblue/gold/crimson,,,,,
South America,SA,Chile,CHL,#d62718/#ffffff/#0036a7,"rgb(214,39,24)/rgb(255,255,255)/rgb(0,54,167)","hsl(5,80%,47%)/hsl(0,0%,100%)/hsl(221,100%,33%)",firebrick/white/darkblue,,,,,
Asia,AS,China,CHN,#df2507/#ffdf00,"rgb(223,37,7)/rgb(255,223,0)","hsl(8,94%,45%)/hsl(52,100%,50%)",orangered/gold,#391edb/#050608/#fcfffc,"rgb(57,30,219)/rgb(5,6,8)/rgb(252,255,252)","hsl(249,76%,49%)/hsl(220,23%,3%)/hsl(120,100%,99%)",mediumblue/black/white,Colors used in sports.
Oceania,OC,Christmas Island,CXR,#0021ad/#1c8a42/#ffc639/#ffffff,"rgb(0,33,173)/rgb(28,138,66)/rgb(255,198,57)/rgb(255,255,255)","hsl(229,100%,34%)/hsl(141,66%,33%)/hsl(43,100%,61%)/hsl(0,0%,100%)",mediumblue/seagreen/sandybrown/white,,,,,
Oceania,OC,Cocos Islands,CCK,#008100/#ffe100,"rgb(0,129,0)/rgb(255,225,0)","hsl(120,100%,25%)/hsl(53,100%,50%)",green/gold,,,,,
South America,SA,Colombia,COL,#fcd20f/#003594/#cf0921,"rgb(252,210,15)/rgb(0,53,148)/rgb(207,9,33)","hsl(49,98%,52%)/hsl(219,100%,29%)/hsl(353,92%,42%)",gold/midnightblue/crimson,#273785/#ffffff,"rgb(39,55,133)/rgb(255,255,255)","hsl(230,55%,34%)/hsl(0,0%,100%)",darkslateblue/white,Colors used in sports.
Africa,AF,Comoros,COM,#ffc718/#ffffff/#cf0921/#3775c5/3a8f30,"rgb(255,199,24)/rgb(255,255,255)/rgb(207,9,33)/rgb(55,117,197)/rgb(58,143,48)","hsl(45,100%,55%)/hsl(0,0%,100%)/hsl(353,92%,42%)/hsl(214,56%,49%)/hsl(114,50%,37%)",gold/white/crimson/steelblue/forestgreen,,,,,
Africa,AF,Democratic Congo,COG,#0080ff/#f7d710/#cf071c,"rgb(0,128,255)/rgb(247,215,16)/rgb(207,7,28)","hsl(210,100%,50%)/hsl(52,94%,52%)/hsl(354,94%,42%)",dodgerblue/gold/crimson,,,,,
Africa,AF,Congo,COD,#009641/#fbdf48/#dd1f19,"rgb(0,150,65)/rgb(251,223,72)/rgb(221,31,25)","hsl(146,100%,29%)/hsl(51,96%,63%)/hsl(2,80%,48%)",forestgreen/sandybrown/crimson,,,,,
Oceania,OC,Cook Islands,COK,#001c69/#ffffff,"rgb(0,28,105)/rgb(255,255,255)","hsl(224,100%,21%)/hsl(0,0%,100%)",midnightblue/white,#005a00/#ffd700,"rgb(0,90,0)/rgb(255,215,0)","hsl(120,100%,18%)/hsl(51,100%,50%)",darkgreen/gold,Colors from the previous flag.
North America,NA,Costa Rica,CRI,#002780/#ffffff/#cf0921,"rgb(0,39,128)/rgb(255,255,255)/rgb(207,9,33)","hsl(222,100%,25%)/hsl(0,0%,100%)/hsl(353,92%,42%)",midnightblue/white/crimson,#000000,"rgb(0,0,0)","hsl(0,0%,0%)",black,Color used in sports.
Africa,AF,Ivory Coast,CIV,#f78000/#ffffff/#009f5f,"rgb(247,128,0)/rgb(255,255,255)/rgb(0,159,95)","hsl(31,100%,48%)/hsl(0,0%,100%)/hsl(156,100%,31%)",darkorange/white/teal,,,,,
Europe,EU,Croatia,HRV,#ff0000/#ffffff/#0f0f97,"rgb(255,0,0)/rgb(255,255,255)/rgb(15,15,151)","hsl(0,100%,50%)/hsl(0,0%,100%)/hsl(240,82%,33%)",red/white/darkblue,,,,,
North America,NA,Cuba,CUB,#002690/#ffffff/#d00c27,"rgb(0,38,144)/rgb(255,255,255)/rgb(208,12,39)","hsl(224,100%,28%)/hsl(0,0%,100%)/hsl(352,89%,43%)",darkblue/white/crimson,#0072bd/#ffffff,"rgb(0,114,189)/rgb(255,255,255)","hsl(204,100%,37%)/hsl(0,0%,100%)",darkcyan/white,Colors from the standard of the president of Cuba.
North America,NA,Curacao,CUW,#002780/#f9e90c/#ffffff,"rgb(0,39,128)/rgb(249,233,12)/rgb(255,255,255)","hsl(222,100%,25%)/hsl(56,95%,51%)/hsl(0,0%,100%)",midnightblue/gold/white,#ffffff/#ae1c28/#21468b,"rgb(255,255,255)/rgb(174,28,40)/rgb(33,70,139)","hsl(0,0%,100%)/hsl(355,72%,40%)/hsl(219,62%,34%)",white/firebrick/darkslateblue,Colors used in the govenors standard.
Asia,AS,Cyprus,CYP,#003f87/#ffffff,"rgb(0,63,135)/rgb(255,255,255)","hsl(212,100%,27%)/hsl(0,0%,100%)",midnightblue/white,#d67800/#4d5a2e,"rgb(214,120,0)/rgb(77,90,46)","hsl(34,100%,42%)/hsl(78,32%,27%)",chocolate/darkolivegreen,Colors from the presidential standard of Cyprus.
Europe,EU,Czechia,CZE,#ffffff/#d80c13/#08437f,"rgb(255,255,255)/rgb(216,12,19)/rgb(8,67,127)","hsl(0,0%,100%)/hsl(358,90%,45%)/hsl(210,88%,27%)",white/crimson/midnightblue,,,,,
Europe,EU,Denmark,DNK,#c7042d/#ffffff,"rgb(199,4,45)/rgb(255,255,255)","hsl(347,96%,40%)/hsl(0,0%,100%)",crimson/white,,,,,
Africa,AF,Djibouti,DJI,#6ab4e8/#09af27/#ffffff/#d80c13,"rgb(106,180,232)/rgb(9,175,39)/rgb(255,255,255)/rgb(216,12,19)","hsl(205,73%,66%)/hsl(131,90%,36%)/hsl(0,0%,100%)/hsl(358,90%,45%)",cornflowerblue/forestgreen/white/crimson,,,,,
North America,NA,Dominica,DMA,#006b3d/#fcd20f/#000000/#ffffff/#d5162d,"rgb(0,107,61)/rgb(252,210,15)/rgb(0,0,0)/rgb(255,255,255)/rgb(213,22,45)","hsl(154,100%,21%)/hsl(49,98%,52%)/hsl(0,0%,0%)/hsl(0,0%,100%)/hsl(353,81%,46%)",forestgreen/gold/black/white/crimson,#3c69e7,"rgb(60,105,231)","hsl(224,78%,57%)",royalblue,Color used in sports.
North America,NA,Dominican Republic,DOM,#002962/#ffffff/#cf0921,"rgb(0,41,98)/rgb(255,255,255)/rgb(207,9,33)","hsl(215,100%,19%)/hsl(0,0%,100%)/hsl(353,92%,42%)",midnightblue/white/crimson,,,,,
South America,SA,Ecuador,ECU,#ffde00/#004da3/#ee161f,"rgb(255,222,0)/rgb(0,77,163)/rgb(238,22,31)","hsl(52,100%,50%)/hsl(212,100%,32%)/hsl(358,86%,51%)",gold/teal/crimson,#93ccea,"rgb(147,204,234)","hsl(201,67%,75%)",skyblue,Color used in sports.
Africa,AF,Egypt,EGY,#cf0921/#ffffff/#000000,"rgb(207,9,33)/rgb(255,255,255)/rgb(0,0,0)","hsl(353,92%,42%)/hsl(0,0%,100%)/hsl(0,0%,0%)",crimson/white/black,#efbb22,"rgb(239,187,34)","hsl(45,87%,54%)",goldenrod,Color often used for the insignia on flags.
North America,NA,El Salvador,SLV,#0045ac/#ffffff,"rgb(0,69,172)/rgb(255,255,255)","hsl(216,100%,34%)/hsl(0,0%,100%)",teal/white,,,,,
Europe,EU,England,ENG,#ffffff/#cf091f,"rgb(255,255,255)/rgb(207,9,31)","hsl(0,0%,100%)/hsl(353,92%,42%)",white/crimson,#2756ae,"rgb(39,86,174)","hsl(219,63%,42%)",steelblue,Color used in sports.
Africa,AF,Equatorial Guinea,GNQ,#3e9a00/#ffffff/#e32118/#0073ce,"rgb(62,154,0)/rgb(255,255,255)/rgb(227,33,24)/rgb(0,115,206)","hsl(96,100%,30%)/hsl(0,0%,100%)/hsl(3,81%,49%)/hsl(207,100%,40%)",forestgreen/white/crimson/dodgerblue,,,,,
Africa,AF,Eritrea,ERI,#4db241/#5191c5/#ef494d/#fdbc35,"rgb(77,178,65)/rgb(81,145,197)/rgb(239,73,77)/rgb(253,188,53)","hsl(114,47%,48%)/hsl(207,50%,55%)/hsl(359,84%,61%)/hsl(41,98%,60%)",limegreen/steelblue/tomato/goldenrod,,,,,
Europe,EU,Estonia,EST,#0072cf/#000000/#ffffff,"rgb(0,114,207)/rgb(0,0,0)/rgb(255,255,255)","hsl(207,100%,41%)/hsl(0,0%,0%)/hsl(0,0%,100%)",dodgerblue/black/white,,,,,
Africa,AF,Eswatini,SWZ,#3c5dbb/#ffda00/#b30404/#000000/#ffffff,"rgb(60,93,187)/rgb(255,218,0)/rgb(179,4,4)/rgb(0,0,0)/rgb(255,255,255)","hsl(224,51%,48%)/hsl(51,100%,50%)/hsl(0,96%,36%)/hsl(0,0%,0%)/hsl(0,0%,100%)",steelblue/gold/darkred/black/white,,,,,
Africa,AF,Ethiopia,ETH,#018a2d/#fcde02/#db0a13/#0645b1,"rgb(1,138,45)/rgb(252,222,2)/rgb(219,10,19)/rgb(6,69,177)","hsl(139,99%,27%)/hsl(53,98%,50%)/hsl(357,91%,45%)/hsl(218,93%,36%)",forestgreen/gold/red/mediumblue,,,,,
South America,SA,Falkland Islands,FLK,#001c69/#c9072a/#ffffff,"rgb(0,28,105)/rgb(201,7,42)/rgb(255,255,255)","hsl(224,100%,21%)/hsl(349,93%,41%)/hsl(0,0%,100%)",midnightblue/crimson/white,#0072c5/#ffffff/#00501c/#de8c58/#fed03c,"rgb(0,114,197)/rgb(255,255,255)/rgb(0,80,28)/rgb(222,140,88)/rgb(254,208,60)","hsl(205,100%,39%)/hsl(0,0%,100%)/hsl(141,100%,16%)/hsl(23,67%,61%)/hsl(46,99%,62%)",darkcyan/white/darkgreen/peru/sandybrown,Colors from the insignia on the defaced blue ensign flag.
Europe,EU,Faroe Islands,FRO,#ffffff/#ee2536/#0065be,"rgb(255,255,255)/rgb(238,37,54)/rgb(0,101,190)","hsl(0,0%,100%)/hsl(355,86%,54%)/hsl(208,100%,37%)",white/crimson/darkcyan,,,,,
Oceania,OC,Fiji,FJI,#69b5e8,"rgb(105,181,232)","hsl(204,73%,66%)",cornflowerblue,#ffffff/#000000,"rgb(255,255,255)/rgb(0,0,0)","hsl(0,0%,100%)/hsl(0,0%,0%)",white/black,Colors used in sports.
Europe,EU,Finland,FIN,#ffffff/#003281,"rgb(255,255,255)/rgb(0,50,129)","hsl(0,0%,100%)/hsl(217,100%,25%)",white/midnightblue,#d30731/#ffc821,"rgb(211,7,49)/rgb(255,200,33)","hsl(348,94%,43%)/hsl(45,100%,57%)",crimson/gold,Colors from variant flag with insignia.
Europe,EU,France,FRA,#001e96/#ffffff/#ee2536,"rgb(0,30,150)/rgb(255,255,255)/rgb(238,37,54)","hsl(228,100%,29%)/hsl(0,0%,100%)/hsl(355,86%,54%)",darkblue/white/crimson,,,,,
South America,SA,French Guiana,GUF,#001e96/#ffffff/#ee2536,"rgb(0,30,150)/rgb(255,255,255)/rgb(238,37,54)","hsl(228,100%,29%)/hsl(0,0%,100%)/hsl(355,86%,54%)",darkblue/white/crimson,#34b536/#ffffff,"rgb(52,181,54)/rgb(255,255,255)","hsl(121,55%,46%)/hsl(0,0%,100%)",limegreen/white,Colors from the local government flag.
Oceania,OC,French Polynesia,PYF,#cf0921/#ffffff,"rgb(207,9,33)/rgb(255,255,255)","hsl(353,92%,42%)/hsl(0,0%,100%)",crimson/white,,,,,
Africa,AF,French Southern Territories,ATF,#001e96/#ffffff,"rgb(0,30,150)/rgb(255,255,255)","hsl(228,100%,29%)/hsl(0,0%,100%)",darkblue/white,,,,,
Africa,AF,Gabon,GAB,#009f5f/#fcd20f/#3775c5,"rgb(0,159,95)/rgb(252,210,15)/rgb(55,117,197)","hsl(156,100%,31%)/hsl(49,98%,52%)/hsl(214,56%,49%)",teal/gold/steelblue,,,,,
Africa,AF,Gambia,GMB,#cf0921/#04168d/#377724/#ffffff,"rgb(207,9,33)/rgb(4,22,141)/rgb(55,119,36)/rgb(255,255,255)","hsl(353,92%,42%)/hsl(232,95%,28%)/hsl(106,54%,30%)/hsl(0,0%,100%)",crimson/darkblue/forestgreen/white,,,,,
Asia,AS,Georgia,GEO,#ff0000/#ffffff,"rgb(255,0,0)/rgb(255,255,255)","hsl(0,100%,50%)/hsl(0,0%,100%)",red/white,,,,,
Europe,EU,Germany,DEU,#000000/#de0000/#ffcf00,"rgb(0,0,0)/rgb(222,0,0)/rgb(255,207,0)","hsl(0,0%,0%)/hsl(0,100%,44%)/hsl(49,100%,50%)",black/red/gold,#b3b3b3,"rgb(179,179,179)","hsl(0,0%,70%)",darkgray,Color used in motor racing.
Africa,AF,Ghana,GHA,#cf0921/#fcd20f/#006b3d/#000000,"rgb(207,9,33)/rgb(252,210,15)/rgb(0,107,61)/rgb(0,0,0)","hsl(353,92%,42%)/hsl(49,98%,52%)/hsl(154,100%,21%)/hsl(0,0%,0%)",crimson/gold/forestgreen/black,#ffffff/#000000,"rgb(255,255,255)/rgb(0,0,0)","hsl(0,0%,100%)/hsl(0,0%,0%)",white/black,Colors used in sports.
Europe,EU,Gibraltar,GIB,#db0004/#ffffff/#f8d906,"rgb(219,0,4)/rgb(255,255,255)/rgb(248,217,6)","hsl(359,100%,43%)/hsl(0,0%,100%)/hsl(52,95%,50%)",red/white/gold,,,,,
Europe,EU,Greece,GRC,#055db1/#ffffff,"rgb(5,93,177)/rgb(255,255,255)","hsl(209,95%,36%)/hsl(0,0%,100%)",darkcyan/white,,,,,
North America,NA,Greenland,GRL,#d10430/#ffffff,"rgb(209,4,48)/rgb(255,255,255)","hsl(347,96%,42%)/hsl(0,0%,100%)",crimson/white,,,,,
North America,NA,Grenada,GRD,#007a5d/#fcd20f/#cf0921,"rgb(0,122,93)/rgb(252,210,15)/rgb(207,9,33)","hsl(166,100%,24%)/hsl(49,98%,52%)/hsl(353,92%,42%)",teal/gold/crimson,,,,,
North America,NA,Guadeloupe,GLP,#008000/#da121a/#002488/#fcdd09,"rgb(0,128,0)/rgb(218,18,26)/rgb(0,36,136)/rgb(252,221,9)","hsl(120,100%,25%)/hsl(358,85%,46%)/hsl(224,100%,27%)/hsl(52,98%,51%)",green/crimson/darkblue/gold,#001e96/#ffffff/#ee2536,"rgb(0,30,150)/rgb(255,255,255)/rgb(238,37,54)","hsl(228,100%,29%)/hsl(0,0%,100%)/hsl(355,86%,54%)",darkblue/white/crimson,Colors of the official French national flag.
Oceania,OC,Guam,GUM,#00257c/#c71c36,"rgb(0,37,124)/rgb(199,28,54)","hsl(222,100%,24%)/hsl(351,75%,45%)",midnightblue/crimson,,,,,
North America,NA,Guatemala,GTM,#4798d1/#ffffff,"rgb(71,152,209)/rgb(255,255,255)","hsl(205,60%,55%)/hsl(0,0%,100%)",steelblue/white,,,,,
Europe,EU,Guernsey,GGY,#e90929/#ffffff/#f9de0f,"rgb(233,9,41)/rgb(255,255,255)/rgb(249,222,15)","hsl(351,93%,48%)/hsl(0,0%,100%)/hsl(53,95%,52%)",crimson/white/gold,#048616/#ffffff,"rgb(4,134,22)/rgb(255,255,255)","hsl(128,94%,27%)/hsl(0,0%,100%)",green/white,Colors used in an unofficial sporting flag.
Africa,AF,Guinea,GIN,#cf0921/#fcd20f/#00955f,"rgb(207,9,33)/rgb(252,210,15)/rgb(0,149,95)","hsl(353,92%,42%)/hsl(49,98%,52%)/hsl(158,100%,29%)",crimson/gold/teal,,,,,
Africa,AF,Guinea-Bissau,GNB,#cf0921/#fcd20f/#009f47/#000000,"rgb(207,9,33)/rgb(252,210,15)/rgb(0,159,71)/rgb(0,0,0)","hsl(353,92%,42%)/hsl(49,98%,52%)/hsl(147,100%,31%)/hsl(0,0%,0%)",crimson/gold/seagreen/black,,,,,
North America,NA,Guyana,GUY,#fcd20f/#009f47,"rgb(252,210,15)/rgb(0,159,71)","hsl(49,98%,52%)/hsl(147,100%,31%)",gold/seagreen,#cf0921/#000000,"rgb(207,9,33)/rgb(0,0,0)","hsl(353,92%,42%)/hsl(0,0%,0%)",crimson/black,Colors are supplimental in the national flag.
North America,NA,Haiti,HTI,#001aa0/#d30731,"rgb(0,26,160)/rgb(211,7,49)","hsl(230,100%,31%)/hsl(348,94%,43%)",darkblue/crimson,,,,,
Oceania,OC,Heard Island and McDonald Islands,HMD,#001c69/#ffffff,"rgb(0,28,105)/rgb(255,255,255)","hsl(224,100%,21%)/hsl(0,0%,100%)",midnightblue/white,,,,,
Europe,EU,Holy See,VAT,#ffe100/#ffffff,"rgb(255,225,0)/rgb(255,255,255)","hsl(53,100%,50%)/hsl(0,0%,100%)",gold/white,,,,,
North America,NA,Honduras,HND,#0056ba/#ffffff,"rgb(0,86,186)/rgb(255,255,255)","hsl(212,100%,37%)/hsl(0,0%,100%)",darkcyan/white,,,,,
Asia,AS,Hong Kong,HKG,#df2507/#ffffff,"rgb(223,37,7)/rgb(255,255,255)","hsl(8,94%,45%)/hsl(0,0%,100%)",orangered/white,#000000/#ffffff/#a0a0a0/#505050,"rgb(0,0,0)/rgb(255,255,255)/rgb(160,160,160)/rgb(80,80,80)","hsl(0,0%,0%)/hsl(0,0%,100%)/hsl(0,0%,63%)/hsl(0,0%,31%)",black/white/darkgray/darkslategray,Colors of the Black Bauhinia.
Europe,EU,Hungary,HUN,#ce263c/#ffffff/#416f4c,"rgb(206,38,60)/rgb(255,255,255)/rgb(65,111,76)","hsl(352,69%,48%)/hsl(0,0%,100%)/hsl(134,26%,35%)",crimson/white/darkolivegreen,,,,,
Europe,EU,Iceland,ISL,#00519d/#ffffff/#dd1832,"rgb(0,81,157)/rgb(255,255,255)/rgb(221,24,50)","hsl(209,100%,31%)/hsl(0,0%,100%)/hsl(352,80%,48%)",teal/white/crimson,,,,,
Asia,AS,India,IND,#ff9a30/#098901/#ffffff/#000089,"rgb(255,154,48)/rgb(9,137,1)/rgb(255,255,255)/rgb(0,0,137)","hsl(31,100%,59%)/hsl(116,99%,27%)/hsl(0,0%,100%)/hsl(240,100%,27%)",goldenrod/green/white/darkblue,#3d83fc,"rgb(61,131,252)","hsl(218,97%,61%)",dodgerblue,Color used in sports.
Asia,AS,Indonesia,IDN,#ff0000/#ffffff,"rgb(255,0,0)/rgb(255,255,255)","hsl(0,100%,50%)/hsl(0,0%,100%)",red/white,#00a877,"rgb(0,168,119)","hsl(163,100%,33%)",darkcyan,Color used in sports.
Asia,AS,Iran,IRN,#1ea03e/#ffffff/#db0000,"rgb(30,160,62)/rgb(255,255,255)/rgb(219,0,0)","hsl(135,68%,37%)/hsl(0,0%,100%)/hsl(0,100%,43%)",forestgreen/white/red,#000000,"rgb(0,0,0)","hsl(0,0%,0%)",black,Color sometimes used for the Tawhid emblem.
Asia,AS,Iraq,IRQ,#cf0921/#ffffff/#000000/#007a3b,"rgb(207,9,33)/rgb(255,255,255)/rgb(0,0,0)/rgb(0,122,59)","hsl(353,92%,42%)/hsl(0,0%,100%)/hsl(0,0%,0%)/hsl(149,100%,24%)",crimson/white/black/forestgreen,,,,,
Europe,EU,Ireland,IRL,#0f9c62/#ffffff/#ff893c,"rgb(15,156,98)/rgb(255,255,255)/rgb(255,137,60)","hsl(155,83%,34%)/hsl(0,0%,100%)/hsl(24,100%,62%)",seagreen/white/coral,#23297a,"rgb(35,41,122)","hsl(236,55%,31%)",midnightblue,Color relate to St.Patrick.
Europe,EU,Isle of Man,IMN,#d00c27/#ffffff/#f9de0f,"rgb(208,12,39)/rgb(255,255,255)/rgb(249,222,15)","hsl(352,89%,43%)/hsl(0,0%,100%)/hsl(53,95%,52%)",crimson/white/gold,,,,,
Asia,AS,Israel,ISR,#0035ba/#ffffff,"rgb(0,53,186)/rgb(255,255,255)","hsl(223,100%,37%)/hsl(0,0%,100%)",mediumblue/white,,,,,
Europe,EU,Italy,ITA,#009344/#ffffff/#cf2734,"rgb(0,147,68)/rgb(255,255,255)/rgb(207,39,52)","hsl(148,100%,29%)/hsl(0,0%,100%)/hsl(355,68%,48%)",forestgreen/white/crimson,#0064ab,"rgb(0,100,171)","hsl(205,100%,34%)",darkcyan,Color used in sports.
North America,NA,Jamaica,JAM,#009c37/#fed200/#000000,"rgb(0,156,55)/rgb(254,210,0)/rgb(0,0,0)","hsl(141,100%,31%)/hsl(50,100%,50%)/hsl(0,0%,0%)",forestgreen/gold/black,,,,,
Asia,AS,Japan,JPN,#be0029/#ffffff,"rgb(190,0,41)/rgb(255,255,255)","hsl(347,100%,37%)/hsl(0,0%,100%)",firebrick/white,#00008b/#ffffff/#e8f48c,"rgb(0,0,139)/rgb(255,255,255)/rgb(232,244,140)","hsl(240,100%,27%)/hsl(0,0%,100%)/hsl(67,83%,75%)",darkblue/white/khaki,Colors used in sports.
Europe,EU,Jersey,JEY,#cf0720/#ffffff/#f7e486,"rgb(207,7,32)/rgb(255,255,255)/rgb(247,228,134)","hsl(353,94%,42%)/hsl(0,0%,100%)/hsl(50,88%,75%)",crimson/white/khaki,,,,,
Asia,AS,Jordan,JOR,#000000/#ffffff/#007a3b/#cf0921,"rgb(0,0,0)/rgb(255,255,255)/rgb(0,122,59)/rgb(207,9,33)","hsl(0,0%,0%)/hsl(0,0%,100%)/hsl(149,100%,24%)/hsl(353,92%,42%)",black/white/forestgreen/crimson,,,,,
Asia,AS,Kazakhstan,KAZ,#00b1cb/#fec604,"rgb(0,177,203)/rgb(254,198,4)","hsl(188,100%,40%)/hsl(47,99%,51%)",darkturquoise/gold,,,,,
Africa,AF,Kenya,KEN,#000000/#bc0000/#006600/#ffffff,"rgb(0,0,0)/rgb(188,0,0)/rgb(0,102,0)/rgb(255,255,255)","hsl(0,0%,0%)/hsl(0,100%,37%)/hsl(120,100%,20%)/hsl(0,0%,100%)",black/darkred/darkgreen/white,,,,,
Oceania,OC,Kiribati,KIR,#c90707/#f8d100/#ffffff/#102d70,"rgb(201,7,7)/rgb(248,209,0)/rgb(255,255,255)/rgb(16,45,112)","hsl(0,93%,41%)/hsl(51,100%,49%)/hsl(0,0%,100%)/hsl(222,75%,25%)",firebrick/gold/white/midnightblue,,,,,
Asia,AS,North Korea,PRK,#ee1623/#ffffff/#004ea3,"rgb(238,22,35)/rgb(255,255,255)/rgb(0,78,163)","hsl(356,86%,51%)/hsl(0,0%,100%)/hsl(211,100%,32%)",crimson/white/teal,,,,,
Asia,AS,South Korea,KOR,#ffffff/#ce2a37/#0045a1/#000000,"rgb(255,255,255)/rgb(206,42,55)/rgb(0,69,161)/rgb(0,0,0)","hsl(0,0%,100%)/hsl(355,66%,49%)/hsl(214,100%,32%)/hsl(0,0%,0%)",white/crimson/teal/black,,,,,
Asia,AS,Kuwait,KWT,#007a3b/#ffffff/#cf0921/#000000,"rgb(0,122,59)/rgb(255,255,255)/rgb(207,9,33)/rgb(0,0,0)","hsl(149,100%,24%)/hsl(0,0%,100%)/hsl(353,92%,42%)/hsl(0,0%,0%)",forestgreen/white/crimson/black,#0000f5/#ffffff,"rgb(0,0,245)/rgb(255,255,255)","hsl(240,100%,48%)/hsl(0,0%,100%)",blue/white,Colors used in sports.
Asia,AS,Kyrgyzstan,KGZ,#ff0000/#ffff00,"rgb(255,0,0)/rgb(255,255,0)","hsl(0,100%,50%)/hsl(60,100%,50%)",red/yellow,,,,,
Asia,AS,Laos,LAO,#cf0921/#002468/#ffffff,"rgb(207,9,33)/rgb(0,36,104)/rgb(255,255,255)","hsl(353,92%,42%)/hsl(219,100%,20%)/hsl(0,0%,100%)",crimson/midnightblue/white,#facb32/#1214cc/#000000,"rgb(250,203,50)/rgb(18,20,204)/rgb(0,0,0)","hsl(46,95%,59%)/hsl(239,84%,44%)/hsl(0,0%,0%)",gold/mediumblue/black,Colors used in football.
Europe,EU,Latvia,LVA,#9f2d36/#ffffff,"rgb(159,45,54)/rgb(255,255,255)","hsl(355,56%,40%)/hsl(0,0%,100%)",brown/white,,,,,
Asia,AS,Lebanon,LBN,#ee161f/#ffffff/#00a750,"rgb(238,22,31)/rgb(255,255,255)/rgb(0,167,80)","hsl(358,86%,51%)/hsl(0,0%,100%)/hsl(149,100%,33%)",crimson/white/seagreen,,,,,
Africa,AF,Lesotho,LSO,#001aa0/#ffffff/#009641/#000000,"rgb(0,26,160)/rgb(255,255,255)/rgb(0,150,65)/rgb(0,0,0)","hsl(230,100%,31%)/hsl(0,0%,100%)/hsl(146,100%,29%)/hsl(0,0%,0%)",darkblue/white/forestgreen/black,,,,,
Africa,AF,Liberia,LBR,#c1032d/#ffffff/#002468,"rgb(193,3,45)/rgb(255,255,255)/rgb(0,36,104)","hsl(347,97%,38%)/hsl(0,0%,100%)/hsl(219,100%,20%)",crimson/white/midnightblue,,,,,
Africa,AF,Libya,LBY,#e8000b/#000000/#1e9f44/#ffffff,"rgb(232,0,11)/rgb(0,0,0)/rgb(30,159,68)/rgb(255,255,255)","hsl(357,100%,46%)/hsl(0,0%,0%)/hsl(138,68%,37%)/hsl(0,0%,100%)",red/black/seagreen/white,,,,,
Europe,EU,Liechtenstein,LIE,#002780/#cf0921/#ffd93b,"rgb(0,39,128)/rgb(207,9,33)/rgb(255,217,59)","hsl(222,100%,25%)/hsl(353,92%,42%)/hsl(48,100%,62%)",midnightblue/crimson/gold,,,,,
Europe,EU,Lithuania,LTU,#fdbb0b/#006a42/#c22329,"rgb(253,187,11)/rgb(0,106,66)/rgb(194,35,41)","hsl(44,98%,52%)/hsl(157,100%,21%)/hsl(358,69%,45%)",orange/darkslategray/firebrick,,,,,
Europe,EU,Luxembourg,LUX,#ee2536/#ffffff/#00a2df,"rgb(238,37,54)/rgb(255,255,255)/rgb(0,162,223)","hsl(355,86%,54%)/hsl(0,0%,100%)/hsl(196,100%,44%)",crimson/white/deepskyblue,#ffce00/#000000,"rgb(255,206,0)/rgb(0,0,0)","hsl(48,100%,50%)/hsl(0,0%,0%)",gold/black,Colors used for the insignia on flags.
Asia,AS,Macau,MAC,#067562/#ffffff/#ffdf1e,"rgb(6,117,98)/rgb(255,255,255)/rgb(255,223,30)","hsl(170,90%,24%)/hsl(0,0%,100%)/hsl(51,100%,56%)",teal/white/gold,#0772ba,"rgb(7,114,186)","hsl(204,93%,38%)",darkcyan,Color used in sports.
Africa,AF,Madagascar,MDG,#fc3b2f/#007f37/#ffffff,"rgb(252,59,47)/rgb(0,127,55)/rgb(255,255,255)","hsl(4,97%,59%)/hsl(146,100%,25%)/hsl(0,0%,100%)",tomato/forestgreen/white,#fc3d32/#ffffff/#ec9a4c,"rgb(252,61,50)/rgb(255,255,255)/rgb(236,154,76)","hsl(3,97%,59%)/hsl(0,0%,100%)/hsl(29,81%,61%)",tomato/white/sandybrown,Colors of the Merina people.
Africa,AF,Malawi,MWI,#000000/#cf0921/#309f32,"rgb(0,0,0)/rgb(207,9,33)/rgb(48,159,50)","hsl(0,0%,0%)/hsl(353,92%,42%)/hsl(121,54%,41%)",black/crimson/forestgreen,,,,,
Asia,AS,Malaysia,MYS,#cd0000/#ffffff/#000066/#ffcd00,"rgb(205,0,0)/rgb(255,255,255)/rgb(0,0,102)/rgb(255,205,0)","hsl(0,100%,40%)/hsl(0,0%,100%)/hsl(240,100%,20%)/hsl(48,100%,50%)",red/white/navy/gold,,,,,
Asia,AS,Maldives,MDV,#d30731/#007f37/#ffffff,"rgb(211,7,49)/rgb(0,127,55)/rgb(255,255,255)","hsl(348,94%,43%)/hsl(146,100%,25%)/hsl(0,0%,100%)",crimson/forestgreen/white,#2a5caa,"rgb(42,92,170)","hsl(217,60%,42%)",steelblue,Color used in football.
Africa,AF,Mali,MLI,#0cb737/#fcd20f/#cf0921,"rgb(12,183,55)/rgb(252,210,15)/rgb(207,9,33)","hsl(135,88%,38%)/hsl(49,98%,52%)/hsl(353,92%,42%)",limegreen/gold/crimson,,,,,
Europe,EU,Malta,MLT,#d00c27/#ffffff,"rgb(208,12,39)/rgb(255,255,255)","hsl(352,89%,43%)/hsl(0,0%,100%)",crimson/white,,,,,
Oceania,OC,Marshall Islands,MHL,#003594/#de7500/#ffffff,"rgb(0,53,148)/rgb(222,117,0)/rgb(255,255,255)","hsl(219,100%,29%)/hsl(32,100%,44%)/hsl(0,0%,100%)",midnightblue/chocolate/white,#bb133e/#ffffff/#002664/#000000,"rgb(187,19,62)/rgb(255,255,255)/rgb(0,38,100)/rgb(0,0,0)","hsl(345,82%,40%)/hsl(0,0%,100%)/hsl(217,100%,20%)/hsl(0,0%,0%)",firebrick/white/midnightblue/black,Colors from the flag of Bikini Atoll.
North America,NA,Martinique,MTQ,#217840/#0b537e/#ffffff,"rgb(33,120,64)/rgb(11,83,126)/rgb(255,255,255)","hsl(141,57%,30%)/hsl(202,84%,27%)/hsl(0,0%,100%)",seagreen/teal/white,#001e96/#ffffff/#ee2536,"rgb(0,30,150)/rgb(255,255,255)/rgb(238,37,54)","hsl(228,100%,29%)/hsl(0,0%,100%)/hsl(355,86%,54%)",darkblue/white/crimson,Colors of the official French national flag.
Africa,AF,Mauritania,MRT,#006230/#ffc500/#ce263c,"rgb(0,98,48)/rgb(255,197,0)/rgb(206,38,60)","hsl(149,100%,19%)/hsl(46,100%,50%)/hsl(352,69%,48%)",darkgreen/gold/crimson,#00ab5b/#ffd800/#d11619,"rgb(0,171,91)/rgb(255,216,0)/rgb(209,22,25)","hsl(152,100%,34%)/hsl(51,100%,50%)/hsl(359,81%,45%)",seagreen/gold/firebrick,Colors from a sometimes used variant flag.
Africa,AF,Mauritius,MUS,#eb2436/#131a6d/#ffd600/#00a650,"rgb(235,36,54)/rgb(19,26,109)/rgb(255,214,0)/rgb(0,166,80)","hsl(355,83%,53%)/hsl(235,70%,25%)/hsl(50,100%,50%)/hsl(149,100%,33%)",crimson/midnightblue/gold/seagreen,,,,,
Africa,AF,Mayotte,MYT,#171796/#d42e12/#e9d315/#dfdfdf,"rgb(23,23,150)/rgb(212,46,18)/rgb(233,211,21)/rgb(223,223,223)","hsl(240,73%,34%)/hsl(9,84%,45%)/hsl(54,84%,50%)/hsl(0,0%,88%)",darkblue/firebrick/gold/gainsboro,#001e96/#ffffff/#ee2536,"rgb(0,30,150)/rgb(255,255,255)/rgb(238,37,54)","hsl(228,100%,29%)/hsl(0,0%,100%)/hsl(355,86%,54%)",darkblue/white/crimson,Colors of the official French national flag.
North America,NA,Mexico,MEX,#006845/#ffffff/#cf0921,"rgb(0,104,69)/rgb(255,255,255)/rgb(207,9,33)","hsl(160,100%,20%)/hsl(0,0%,100%)/hsl(353,92%,42%)",darkslategray/white/crimson,,,,,
Oceania,OC,Micronesia,FSM,#75b4de/#ffffff,"rgb(117,180,222)/rgb(255,255,255)","hsl(204,61%,67%)/hsl(0,0%,100%)",skyblue/white,,,,,
Europe,EU,Moldova,MDA,#0044af/#ffd300/#cd022b,"rgb(0,68,175)/rgb(255,211,0)/rgb(205,2,43)","hsl(217,100%,34%)/hsl(50,100%,50%)/hsl(348,98%,41%)",mediumblue/gold/crimson,#b07e5b/#007a50,"rgb(176,126,91)/rgb(0,122,80)","hsl(25,35%,52%)/hsl(159,100%,24%)",peru/teal,Colors used for the insignia on flags.
Europe,EU,Monaco,MCO,#cf0921/#ffffff,"rgb(207,9,33)/rgb(255,255,255)","hsl(353,92%,42%)/hsl(0,0%,100%)",crimson/white,,,,,
Asia,AS,Mongolia,MNG,#db1a2f/#0066b5/#ffda00,"rgb(219,26,47)/rgb(0,102,181)/rgb(255,218,0)","hsl(353,79%,48%)/hsl(206,100%,36%)/hsl(51,100%,50%)",crimson/darkcyan/gold,,,,,
Europe,EU,Montenegro,MNE,#c50002/#d5b137,"rgb(197,0,2)/rgb(213,177,55)","hsl(359,100%,39%)/hsl(46,65%,53%)",firebrick/goldenrod,,,,,
North America,NA,Montserrat,MSR,#001c69/#c9072a/#ffffff/#00811c/#000000,"rgb(0,28,105)/rgb(201,7,42)/rgb(255,255,255)/rgb(0,129,28)/rgb(0,0,0)","hsl(224,100%,21%)/hsl(349,93%,41%)/hsl(0,0%,100%)/hsl(133,100%,25%)/hsl(0,0%,0%)",midnightblue/crimson/white/green/black,,,,,
Africa,AF,Morocco,MAR,#c22329/#006230,"rgb(194,35,41)/rgb(0,98,48)","hsl(358,69%,45%)/hsl(149,100%,19%)",firebrick/darkgreen,,,,,
Africa,AF,Mozambique,MOZ,#007168/#d21034/#000000/#fce100/#ffffff,"rgb(0,113,104)/rgb(210,16,52)/rgb(0,0,0)/rgb(252,225,0)/rgb(255,255,255)","hsl(175,100%,22%)/hsl(349,86%,44%)/hsl(0,0%,0%)/hsl(54,100%,49%)/hsl(0,0%,100%)",teal/crimson/black/gold/white,,,,,
Asia,AS,Myanmar,MMR,#fecc00/#31b430/#eb2436/#ffffff,"rgb(254,204,0)/rgb(49,180,48)/rgb(235,36,54)/rgb(255,255,255)","hsl(48,100%,50%)/hsl(120,58%,45%)/hsl(355,83%,53%)/hsl(0,0%,100%)",gold/limegreen/crimson/white,#db2916/#1a40a2/#ffffff,"rgb(219,41,22)/rgb(26,64,162)/rgb(255,255,255)","hsl(6,82%,47%)/hsl(223,72%,37%)/hsl(0,0%,100%)",firebrick/darkslateblue/white,Colors from the previous flag of Burma.
Africa,AF,Namibia,NAM,#003281/#d30731/#009641/#ffcf00/#ffffff,"rgb(0,50,129)/rgb(211,7,49)/rgb(0,150,65)/rgb(255,207,0)/rgb(255,255,255)","hsl(217,100%,25%)/hsl(348,94%,43%)/hsl(146,100%,29%)/hsl(49,100%,50%)/hsl(0,0%,100%)",midnightblue/crimson/forestgreen/gold/white,,,,,
Oceania,OC,Nauru,NRU,#002780/#ffc718/#ffffff,"rgb(0,39,128)/rgb(255,199,24)/rgb(255,255,255)","hsl(222,100%,25%)/hsl(45,100%,55%)/hsl(0,0%,100%)",midnightblue/gold/white,,,,,
Asia,AS,Nepal,NPL,#dd0c39/#003594/#ffffff,"rgb(221,12,57)/rgb(0,53,148)/rgb(255,255,255)","hsl(347,90%,46%)/hsl(219,100%,29%)/hsl(0,0%,100%)",crimson/midnightblue/white,,,,,
Europe,EU,Netherlands,NLD,#ff4f00,"rgb(255,79,0)","hsl(19,100%,50%)",orangered,#af1624/#ffffff/#1c448c,"rgb(175,22,36)/rgb(255,255,255)/rgb(28,68,140)","hsl(355,78%,39%)/hsl(0,0%,100%)/hsl(219,67%,33%)",firebrick/white/darkslateblue,Colors of the official flag.
Oceania,OC,New Caledonia,NCL,#0032af/#ee3f32/#009641/#fae700/#000000,"rgb(0,50,175)/rgb(238,63,50)/rgb(0,150,65)/rgb(250,231,0)/rgb(0,0,0)","hsl(223,100%,34%)/hsl(4,85%,57%)/hsl(146,100%,29%)/hsl(55,100%,49%)/hsl(0,0%,0%)",mediumblue/tomato/forestgreen/gold/black,#001e96/#ffffff/#ee2536,"rgb(0,30,150)/rgb(255,255,255)/rgb(238,37,54)","hsl(228,100%,29%)/hsl(0,0%,100%)/hsl(355,86%,54%)",darkblue/white/crimson,Colors of the official French national flag.
Oceania,OC,New Zealand,NZL,#000000/#ffffff/#d50000,"rgb(0,0,0)/rgb(255,255,255)/rgb(213,0,0)","hsl(0,0%,0%)/hsl(0,0%,100%)/hsl(0,100%,42%)",black/white/red,#001c69/#c9072a/#ffffff,"rgb(0,28,105)/rgb(201,7,42)/rgb(255,255,255)","hsl(224,100%,21%)/hsl(349,93%,41%)/hsl(0,0%,100%)",midnightblue/crimson/white,Colors of the official New Zealand flag.
North America,NA,Nicaragua,NIC,#0067c7/#ffffff,"rgb(0,103,199)/rgb(255,255,255)","hsl(209,100%,39%)/hsl(0,0%,100%)",darkcyan/white,,,,,
Africa,AF,Niger,NER,#e05206/#ffffff/#0db02b,"rgb(224,82,6)/rgb(255,255,255)/rgb(13,176,43)","hsl(21,95%,45%)/hsl(0,0%,100%)/hsl(131,86%,37%)",orangered/white/forestgreen,,,,,
Africa,AF,Nigeria,NGA,#008850/#ffffff,"rgb(0,136,80)/rgb(255,255,255)","hsl(155,100%,27%)/hsl(0,0%,100%)",seagreen/white,,,,,
Oceania,OC,Niue,NIU,#fede00/#001c69,"rgb(254,222,0)/rgb(0,28,105)","hsl(52,100%,50%)/hsl(224,100%,21%)",gold/midnightblue,,,,,
Oceania,OC,Norfolk Island,NFK,#007931/#ffffff,"rgb(0,121,49)/rgb(255,255,255)","hsl(144,100%,24%)/hsl(0,0%,100%)",forestgreen/white,,,,,
Europe,EU,North Macedonia,MKD,#d91c21/#f8ea2a,"rgb(217,28,33)/rgb(248,234,42)","hsl(358,77%,48%)/hsl(56,94%,57%)",crimson/gold,,,,,
Europe,EU,Northern Ireland,NIR,#c7042d/#ffffff,"rgb(199,4,45)/rgb(255,255,255)","hsl(347,96%,40%)/hsl(0,0%,100%)",crimson/white,#1b9038,"rgb(27,144,56)","hsl(135,68%,34%)",forestgreen,Color used in sports.
Oceania,OC,Northern Mariana Islands,MNP,#0071bc/#8c8a8c/#ffffff,"rgb(0,113,188)/rgb(140,138,140)/rgb(255,255,255)","hsl(204,100%,37%)/hsl(300,1%,55%)/hsl(0,0%,100%)",darkcyan/gray/white,,,,,
Europe,EU,Norway,NOR,#f02729/#ffffff/#002468,"rgb(240,39,41)/rgb(255,255,255)/rgb(0,36,104)","hsl(359,87%,55%)/hsl(0,0%,100%)/hsl(219,100%,20%)",crimson/white/midnightblue,,,,,
Asia,AS,Oman,OMN,#dc0f14/#ffffff/#008100,"rgb(220,15,20)/rgb(255,255,255)/rgb(0,129,0)","hsl(359,87%,46%)/hsl(0,0%,100%)/hsl(120,100%,25%)",crimson/white/green,,,,,
Asia,AS,Pakistan,PAK,#003f16/#ffffff,"rgb(0,63,22)/rgb(255,255,255)","hsl(141,100%,12%)/hsl(0,0%,100%)",darkgreen/white,#006629/#b59a0a,"rgb(0,102,41)/rgb(181,154,10)","hsl(144,100%,20%)/hsl(51,90%,38%)",darkgreen/darkgoldenrod,Colors used by the Pakistan national cricket team.
Oceania,OC,Palau,PLW,#009aff/#ffff00,"rgb(0,154,255)/rgb(255,255,0)","hsl(204,100%,50%)/hsl(60,100%,50%)",dodgerblue/yellow,,,,,
Asia,AS,Palestine,PSE,#000000/#ffffff/#007a3b/#cf0921,"rgb(0,0,0)/rgb(255,255,255)/rgb(0,122,59)/rgb(207,9,33)","hsl(0,0%,0%)/hsl(0,0%,100%)/hsl(149,100%,24%)/hsl(353,92%,42%)",black/white/forestgreen/crimson,,,,,
North America,NA,Panama,PAN,#011e56/#ffffff/#db0a13,"rgb(1,30,86)/rgb(255,255,255)/rgb(219,10,19)","hsl(220,98%,17%)/hsl(0,0%,100%)/hsl(357,91%,45%)",midnightblue/white/red,,,,,
Oceania,OC,Papua New Guinea,PNG,#cf0921/#fcd20f/#000000/#ffffff,"rgb(207,9,33)/rgb(252,210,15)/rgb(0,0,0)/rgb(255,255,255)","hsl(353,92%,42%)/hsl(49,98%,52%)/hsl(0,0%,0%)/hsl(0,0%,100%)",crimson/gold/black/white,,,,,
South America,SA,Paraguay,PRY,#d62718/#ffffff/#0035a9,"rgb(214,39,24)/rgb(255,255,255)/rgb(0,53,169)","hsl(5,80%,47%)/hsl(0,0%,100%)/hsl(221,100%,33%)",firebrick/white/darkblue,,,,,
South America,SA,Peru,PER,#da071e/#ffffff,"rgb(218,7,30)/rgb(255,255,255)","hsl(353,94%,44%)/hsl(0,0%,100%)",crimson/white,#00a953,"rgb(0,169,83)","hsl(149,100%,33%)",seagreen,Color used for the insignia on flags.
Asia,AS,Philippines,PHL,#0035a9/#cf0921/#ffffff/#fcd20f,"rgb(0,53,169)/rgb(207,9,33)/rgb(255,255,255)/rgb(252,210,15)","hsl(221,100%,33%)/hsl(353,92%,42%)/hsl(0,0%,100%)/hsl(49,98%,52%)",darkblue/crimson/white/gold,,,,,
Oceania,OC,Pitcairn,PCN,#337321/#f7e017/#006ec7/#96877d,"rgb(51,115,33)/rgb(247,224,23)/rgb(0,110,199)/rgb(150,135,125)","hsl(107,55%,29%)/hsl(54,93%,53%)/hsl(207,100%,39%)/hsl(24,11%,54%)",forestgreen/gold/darkcyan/gray,,,,,
Europe,EU,Poland,POL,#ffffff/#dc143c,"rgb(255,255,255)/rgb(220,20,60)","hsl(0,0%,100%)/hsl(348,83%,47%)",white/crimson,,,,,
Europe,EU,Portugal,PRT,#006600/#ff0000/#ffff00,"rgb(0,102,0)/rgb(255,0,0)/rgb(255,255,0)","hsl(120,100%,20%)/hsl(0,100%,50%)/hsl(60,100%,50%)",darkgreen/red/yellow,#005098/#ffffff,"rgb(0,80,152)/rgb(255,255,255)","hsl(208,100%,30%)/hsl(0,0%,100%)",teal/white,Colors used prior to the 1910 revolution.
North America,NA,Puerto Rico,PRI,#ef0000/#ffffff/#004ff1,"rgb(239,0,0)/rgb(255,255,255)/rgb(0,79,241)","hsl(0,100%,47%)/hsl(0,0%,100%)/hsl(220,100%,47%)",red/white/royalblue,,,,,
Asia,AS,Qatar,QAT,#8e143b/#ffffff,"rgb(142,20,59)/rgb(255,255,255)","hsl(341,75%,32%)/hsl(0,0%,100%)",brown/white,,,,,
Africa,AF,Reunion,REU,#005aa9/#fddc03,"rgb(0,90,169)/rgb(253,220,3)","hsl(208,100%,33%)/hsl(52,98%,50%)",teal/gold,#001e96/#ffffff/#ee2536,"rgb(0,30,150)/rgb(255,255,255)/rgb(238,37,54)","hsl(228,100%,29%)/hsl(0,0%,100%)/hsl(355,86%,54%)",darkblue/white/crimson,Colors of the official French national flag.
Europe,EU,Romania,ROU,#002780/#fcd20f/#cf0921,"rgb(0,39,128)/rgb(252,210,15)/rgb(207,9,33)","hsl(222,100%,25%)/hsl(49,98%,52%)/hsl(353,92%,42%)",midnightblue/gold/crimson,,,,,
Europe,EU,Russia,RUS,#ffffff/#0036a7/#d62718,"rgb(255,255,255)/rgb(0,54,167)/rgb(214,39,24)","hsl(0,0%,100%)/hsl(221,100%,33%)/hsl(5,80%,47%)",white/darkblue/firebrick,,,,,
Africa,AF,Rwanda,RWA,#00a2df/#fad300/#1a5f3b,"rgb(0,162,223)/rgb(250,211,0)/rgb(26,95,59)","hsl(196,100%,44%)/hsl(51,100%,49%)/hsl(149,57%,24%)",deepskyblue/gold/darkslategray,,,,,
North America,NA,Saint Barthelemy,BLM,#eace24/#1353b4/#ce0f25,"rgb(234,206,36)/rgb(19,83,180)/rgb(206,15,37)","hsl(52,83%,53%)/hsl(216,81%,39%)/hsl(353,86%,43%)",gold/royalblue/crimson,#001e96/#ffffff/#ee2536,"rgb(0,30,150)/rgb(255,255,255)/rgb(238,37,54)","hsl(228,100%,29%)/hsl(0,0%,100%)/hsl(355,86%,54%)",darkblue/white/crimson,Colors of the official French national flag.
Africa,AF,Saint Helena,SHN,#001c69/#bea86b/#098cc1,"rgb(0,28,105)/rgb(190,168,107)/rgb(9,140,193)","hsl(224,100%,21%)/hsl(44,39%,58%)/hsl(197,91%,40%)",midnightblue/darkkhaki/lightseagreen,,,,,
North America,NA,Saint Kitts and Nevis,KNA,#009f47/#000000/#cf0921/#fcd20f,"rgb(0,159,71)/rgb(0,0,0)/rgb(207,9,33)/rgb(252,210,15)","hsl(147,100%,31%)/hsl(0,0%,0%)/hsl(353,92%,42%)/hsl(49,98%,52%)",seagreen/black/crimson/gold,,,,,
North America,NA,Saint Lucia,LCA,#66cdff/#fcd20f/#000000/#ffffff,"rgb(102,205,255)/rgb(252,210,15)/rgb(0,0,0)/rgb(255,255,255)","hsl(200,100%,70%)/hsl(49,98%,52%)/hsl(0,0%,0%)/hsl(0,0%,100%)",lightskyblue/gold/black/white,#0061c6,"rgb(0,97,198)","hsl(211,100%,39%)",royalblue,Color used in sports.
North America,NA,Saint Martin,MAF,#001e96/#ffffff/#ee2536,"rgb(0,30,150)/rgb(255,255,255)/rgb(238,37,54)","hsl(228,100%,29%)/hsl(0,0%,100%)/hsl(355,86%,54%)",darkblue/white/crimson,,,,,
North America,NA,Saint Pierre and Miquelon,SPM,#0093ca/#ffd000/#ffffff/#cd0000/#02672b,"rgb(0,147,202)/rgb(255,208,0)/rgb(255,255,255)/rgb(205,0,0)/rgb(2,103,43)","hsl(196,100%,40%)/hsl(49,100%,50%)/hsl(0,0%,100%)/hsl(0,100%,40%)/hsl(144,96%,21%)",lightseagreen/gold/white/red/darkgreen,#001e96/#ffffff/#ee2536,"rgb(0,30,150)/rgb(255,255,255)/rgb(238,37,54)","hsl(228,100%,29%)/hsl(0,0%,100%)/hsl(355,86%,54%)",darkblue/white/crimson,Colors of the official French national flag.
North America,NA,Saint Vincent and the Grenadines,VCT,#002174/#fcd11d/#007d2a,"rgb(0,33,116)/rgb(252,209,29)/rgb(0,125,42)","hsl(223,100%,23%)/hsl(48,97%,55%)/hsl(140,100%,25%)",midnightblue/gold/forestgreen,,,,,
Oceania,OC,Samoa,WSM,#cf0921/#002780/#ffffff,"rgb(207,9,33)/rgb(0,39,128)/rgb(255,255,255)","hsl(353,92%,42%)/hsl(222,100%,25%)/hsl(0,0%,100%)",crimson/midnightblue/white,,,,,
Europe,EU,San Marino,SMR,#ffffff/#5db8e5,"rgb(255,255,255)/rgb(93,184,229)","hsl(0,0%,100%)/hsl(200,72%,63%)",white/cornflowerblue,,,,,
Africa,AF,Sao Tome and Principe,STP,#09af27/#ffcf00/#d30731/#000000,"rgb(9,175,39)/rgb(255,207,0)/rgb(211,7,49)/rgb(0,0,0)","hsl(131,90%,36%)/hsl(49,100%,50%)/hsl(348,94%,43%)/hsl(0,0%,0%)",forestgreen/gold/crimson/black,,,,,
Asia,AS,Saudi Arabia,SAU,#006c32/#ffffff,"rgb(0,108,50)/rgb(255,255,255)","hsl(148,100%,21%)/hsl(0,0%,100%)",forestgreen/white,,,,,
Europe,EU,Scotland,SCO,#0065be/#ffffff,"rgb(0,101,190)/rgb(255,255,255)","hsl(208,100%,37%)/hsl(0,0%,100%)",darkcyan/white,,,,,
Africa,AF,Senegal,SEN,#00863d/#fdf040/#e4141e,"rgb(0,134,61)/rgb(253,240,64)/rgb(228,20,30)","hsl(147,100%,26%)/hsl(56,98%,62%)/hsl(357,84%,49%)",forestgreen/yellow/crimson,,,,,
Europe,EU,Serbia,SRB,#c73339/#043e76/#ffffff,"rgb(199,51,57)/rgb(4,62,118)/rgb(255,255,255)","hsl(358,59%,49%)/hsl(209,93%,24%)/hsl(0,0%,100%)",firebrick/midnightblue/white,,,,,
Africa,AF,Seychelles,SYC,#003d88/#fcd955/#d72424/#ffffff/#007a3b,"rgb(0,61,136)/rgb(252,217,85)/rgb(215,36,36)/rgb(255,255,255)/rgb(0,122,59)","hsl(213,100%,27%)/hsl(47,97%,66%)/hsl(0,71%,49%)/hsl(0,0%,100%)/hsl(149,100%,24%)",midnightblue/sandybrown/crimson/white/forestgreen,,,,,
Africa,AF,Sierra Leone,SLE,#18b737/#ffffff/#0072c7,"rgb(24,183,55)/rgb(255,255,255)/rgb(0,114,199)","hsl(132,77%,41%)/hsl(0,0%,100%)/hsl(206,100%,39%)",limegreen/white/darkcyan,#003e09,"rgb(0,62,9)","hsl(129,100%,12%)",darkgreen,Color from the standard of the president of Sierra Leone.
Asia,AS,Singapore,SGP,#ee2536/#ffffff,"rgb(238,37,54)/rgb(255,255,255)","hsl(355,86%,54%)/hsl(0,0%,100%)",crimson/white,#001f7e,"rgb(0,31,126)","hsl(225,100%,25%)",midnightblue,Color used in sports.
North America,NA,Sint Maarten,SXM,#dd0f17/#ffffff/#002688,"rgb(221,15,23)/rgb(255,255,255)/rgb(0,38,136)","hsl(358,87%,46%)/hsl(0,0%,100%)/hsl(223,100%,27%)",crimson/white/midnightblue,#ffaa0f/#4189dd,"rgb(255,170,15)/rgb(65,137,221)","hsl(39,100%,53%)/hsl(212,70%,56%)",orange/royalblue,Colors used in the govenors standard.
Europe,EU,Slovakia,SVK,#ffffff/#034da3/#ef1620,"rgb(255,255,255)/rgb(3,77,163)/rgb(239,22,32)","hsl(0,0%,100%)/hsl(212,96%,33%)/hsl(357,87%,51%)",white/teal/crimson,,,,,
Europe,EU,Slovenia,SVN,#ffffff/#005be6/#ff0000,"rgb(255,255,255)/rgb(0,91,230)/rgb(255,0,0)","hsl(0,0%,100%)/hsl(216,100%,45%)/hsl(0,100%,50%)",white/dodgerblue/red,#0d4611,"rgb(13,70,17)","hsl(124,69%,16%)",darkgreen,Color used in sports.
Oceania,OC,Solomon Islands,SLB,#0050bc/#fcd20f/#1c5a30,"rgb(0,80,188)/rgb(252,210,15)/rgb(28,90,48)","hsl(214,100%,37%)/hsl(49,98%,52%)/hsl(139,53%,23%)",darkcyan/gold/darkslategray,,,,,
Africa,AF,Somalia,SOM,#3f8ade/#ffffff,"rgb(63,138,222)/rgb(255,255,255)","hsl(212,71%,56%)/hsl(0,0%,100%)",royalblue/white,,,,,
Africa,AF,South Africa,ZAF,#e1392e/#007747/#000c8a/#ffba16/#000000/#ffffff,"rgb(225,57,46)/rgb(0,119,71)/rgb(0,12,138)/rgb(255,186,22)/rgb(0,0,0)/rgb(255,255,255)","hsl(4,75%,53%)/hsl(156,100%,23%)/hsl(235,100%,27%)/hsl(42,100%,54%)/hsl(0,0%,0%)/hsl(0,0%,100%)",crimson/seagreen/darkblue/orange/black/white,#1b3838/#ffb302,"rgb(27,56,56)/rgb(255,179,2)","hsl(180,35%,16%)/hsl(42,100%,50%)",darkslategray/orange,Colors used by the Springboks.
South America,SA,South Georgia and the South Sandwich Islands,SGS,#006b00/#ffca00/#1859a7/#ffffff/#001c69,"rgb(0,107,0)/rgb(255,202,0)/rgb(24,89,167)/rgb(255,255,255)/rgb(0,28,105)","hsl(120,100%,21%)/hsl(48,100%,50%)/hsl(213,75%,38%)/hsl(0,0%,100%)/hsl(224,100%,21%)",darkgreen/gold/teal/white/midnightblue,,,,,
Africa,AF,South Sudan,SSD,#000000/#da121a/#078930/#0f47af/#fcdd09/#ffffff,"rgb(0,0,0)/rgb(218,18,26)/rgb(7,137,48)/rgb(15,71,175)/rgb(252,221,9)/rgb(255,255,255)","hsl(0,0%,0%)/hsl(358,85%,46%)/hsl(139,90%,28%)/hsl(219,84%,37%)/hsl(52,98%,51%)/hsl(0,0%,100%)",black/crimson/forestgreen/darkslateblue/gold/white,,,,,
Europe,EU,Spain,ESP,#c70318/#ffc500,"rgb(199,3,24)/rgb(255,197,0)","hsl(354,97%,40%)/hsl(46,100%,50%)",firebrick/gold,,,,,
Asia,AS,Sri Lanka,LKA,#8e0e37/#ffc025/#00524d/#ec7400,"rgb(142,14,55)/rgb(255,192,37)/rgb(0,82,77)/rgb(236,116,0)","hsl(341,82%,31%)/hsl(43,100%,57%)/hsl(176,100%,16%)/hsl(29,100%,46%)",brown/gold/darkslategray/darkorange,#15295e,"rgb(21,41,94)","hsl(224,64%,23%)",midnightblue,Color used by the Sri Lanka national cricket team.
Africa,AF,Sudan,SDN,#d30731/#ffffff/#000000/#007225,"rgb(211,7,49)/rgb(255,255,255)/rgb(0,0,0)/rgb(0,114,37)","hsl(348,94%,43%)/hsl(0,0%,100%)/hsl(0,0%,0%)/hsl(139,100%,22%)",crimson/white/black/darkgreen,,,,,
South America,SA,Suriname,SUR,#347f3d/#ffffff/#b60329/#edca17,"rgb(52,127,61)/rgb(255,255,255)/rgb(182,3,41)/rgb(237,202,23)","hsl(127,42%,35%)/hsl(0,0%,100%)/hsl(347,97%,36%)/hsl(50,86%,51%)",seagreen/white/firebrick/gold,,,,,
Europe,EU,Svalbard and Jan Mayen,SJM,#f02729/#ffffff/#002468,"rgb(240,39,41)/rgb(255,255,255)/rgb(0,36,104)","hsl(359,87%,55%)/hsl(0,0%,100%)/hsl(219,100%,20%)",crimson/white/midnightblue,,,,,
Europe,EU,Sweden,SWE,#006aa8/#fecd00,"rgb(0,106,168)/rgb(254,205,0)","hsl(202,100%,33%)/hsl(48,100%,50%)",darkcyan/gold,,,,,
Europe,EU,Switzerland,CHE,#ff0000/#ffffff,"rgb(255,0,0)/rgb(255,255,255)","hsl(0,100%,50%)/hsl(0,0%,100%)",red/white,,,,,
Asia,AS,Syria,SYR,#cf0921/#ffffff/#000000/#007a3b,"rgb(207,9,33)/rgb(255,255,255)/rgb(0,0,0)/rgb(0,122,59)","hsl(353,92%,42%)/hsl(0,0%,100%)/hsl(0,0%,0%)/hsl(149,100%,24%)",crimson/white/black/forestgreen,,,,,
Asia,AS,Taiwan,TWN,#fe0000/#000096/#ffffff,"rgb(254,0,0)/rgb(0,0,150)/rgb(255,255,255)","hsl(0,100%,50%)/hsl(240,100%,29%)/hsl(0,0%,100%)",red/darkblue/white,#43b3ae,"rgb(67,179,174)","hsl(177,46%,48%)",lightseagreen,Color used in university sports.
Asia,AS,Tajikistan,TJK,#cd0000/#ffffff/#006600/#f8c500,"rgb(205,0,0)/rgb(255,255,255)/rgb(0,102,0)/rgb(248,197,0)","hsl(0,100%,40%)/hsl(0,0%,100%)/hsl(120,100%,20%)/hsl(48,100%,49%)",red/white/darkgreen/gold,,,,,
Africa,AF,Tanzania,TZA,#18b737/#fcd20f/#00a4de/#000000,"rgb(24,183,55)/rgb(252,210,15)/rgb(0,164,222)/rgb(0,0,0)","hsl(132,77%,41%)/hsl(49,98%,52%)/hsl(196,100%,44%)/hsl(0,0%,0%)",limegreen/gold/deepskyblue/black,,,,,
Asia,AS,Thailand,THA,#a6122e/#f4f5f8/#292648,"rgb(166,18,46)/rgb(244,245,248)/rgb(41,38,72)","hsl(349,80%,36%)/hsl(225,22%,97%)/hsl(245,31%,22%)",firebrick/whitesmoke/darkslategray,#2a7fff/#bc82cf/#ffe000,"rgb(42,127,255)/rgb(188,130,207)/rgb(255,224,0)","hsl(216,100%,58%)/hsl(285,45%,66%)/hsl(53,100%,50%)",dodgerblue/orchid/gold,Colors used in the royal flags of Thailand.
Asia,AS,Tibet,TIB,#db2016/#250f6f/#f4e202/#3f9657,"rgb(219,32,22)/rgb(37,15,111)/rgb(244,226,2)/rgb(63,150,87)","hsl(3,82%,47%)/hsl(254,76%,25%)/hsl(56,98%,48%)/hsl(137,41%,42%)",crimson/midnightblue/gold/seagreen,,,,,
Asia,AS,Timor-Leste,TLS,#dd1f19/#ffc821/#000000/#ffffff,"rgb(221,31,25)/rgb(255,200,33)/rgb(0,0,0)/rgb(255,255,255)","hsl(2,80%,48%)/hsl(45,100%,57%)/hsl(0,0%,0%)/hsl(0,0%,100%)",crimson/gold/black/white,,,,,
Africa,AF,Togo,TGO,#006a4d/#ffcf00/#d30731/#ffffff,"rgb(0,106,77)/rgb(255,207,0)/rgb(211,7,49)/rgb(255,255,255)","hsl(164,100%,21%)/hsl(49,100%,50%)/hsl(348,94%,43%)/hsl(0,0%,100%)",darkslategray/gold/crimson/white,,,,,
Oceania,OC,Tokelau,TKL,#001c69/#ffd200/#ffffff,"rgb(0,28,105)/rgb(255,210,0)/rgb(255,255,255)","hsl(224,100%,21%)/hsl(49,100%,50%)/hsl(0,0%,100%)",midnightblue/gold/white,,,,,
Oceania,OC,Tonga,TON,#c20000/#ffffff,"rgb(194,0,0)/rgb(255,255,255)","hsl(0,100%,38%)/hsl(0,0%,100%)",firebrick/white,,,,,
North America,NA,Trinidad and Tobago,TTO,#db1332/#ffffff/#000000,"rgb(219,19,50)/rgb(255,255,255)/rgb(0,0,0)","hsl(351,84%,47%)/hsl(0,0%,100%)/hsl(0,0%,0%)",crimson/white/black,,,,,
Africa,AF,Tunisia,TUN,#e8000b/#ffffff,"rgb(232,0,11)/rgb(255,255,255)","hsl(357,100%,46%)/hsl(0,0%,100%)",red/white,,,,,
Asia,AS,Turkey,TUR,#e4030f/#ffffff,"rgb(228,3,15)/rgb(255,255,255)","hsl(357,97%,45%)/hsl(0,0%,100%)",red/white,#0cc2f2/#b54358,"rgb(12,194,242)/rgb(181,67,88)","hsl(193,91%,50%)/hsl(349,46%,49%)",deepskyblue/indianred,Colors used by Trabzonspor.
Asia,AS,Turkmenistan,TKM,#00853b/#ffffff/#d3212d,"rgb(0,133,59)/rgb(255,255,255)/rgb(211,33,45)","hsl(147,100%,26%)/hsl(0,0%,100%)/hsl(356,73%,48%)",forestgreen/white/crimson,#faaf25,"rgb(250,175,37)","hsl(39,96%,56%)",goldenrod,Color from the standard of the president of Turkmenistan.
North America,NA,Turks and Caicos Islands,TCA,#002468/#cf0921/#ffffff/#fcd20f,"rgb(0,36,104)/rgb(207,9,33)/rgb(255,255,255)/rgb(252,210,15)","hsl(219,100%,20%)/hsl(353,92%,42%)/hsl(0,0%,100%)/hsl(49,98%,52%)",midnightblue/crimson/white/gold,#6eaea1,"rgb(110,174,161)","hsl(168,28%,56%)",cadetblue,Color used in sports.
Oceania,OC,Tuvalu,TUV,#0096ca/#fede00,"rgb(0,150,202)/rgb(254,222,0)","hsl(195,100%,40%)/hsl(52,100%,50%)",lightseagreen/gold,#00247d/#fee014,"rgb(0,36,125)/rgb(254,224,20)","hsl(223,100%,25%)/hsl(52,99%,54%)",midnightblue/gold,Colors used in the flag of the Govenor-General of Tuvalu.
Africa,AF,Uganda,UGA,#000000/#fcdd00/#da0000,"rgb(0,0,0)/rgb(252,221,0)/rgb(218,0,0)","hsl(0,0%,0%)/hsl(53,100%,49%)/hsl(0,100%,43%)",black/gold/red,,,,,
Europe,EU,Ukraine,UKR,#005abd/#ffd600,"rgb(0,90,189)/rgb(255,214,0)","hsl(211,100%,37%)/hsl(50,100%,50%)",darkcyan/gold,,,,,
Asia,AS,United Arab Emirates,ARE,#ff0000/#00732b/#ffffff/#000000,"rgb(255,0,0)/rgb(0,115,43)/rgb(255,255,255)/rgb(0,0,0)","hsl(0,100%,50%)/hsl(142,100%,23%)/hsl(0,0%,100%)/hsl(0,0%,0%)",red/forestgreen/white/black,,,,,
Europe,EU,United Kingdom,GBR,#c9072a/#ffffff/#001c69,"rgb(201,7,42)/rgb(255,255,255)/rgb(0,28,105)","hsl(349,93%,41%)/hsl(0,0%,100%)/hsl(224,100%,21%)",crimson/white/midnightblue,#004225,"rgb(0,66,37)","hsl(154,100%,13%)",darkgreen,Color used in motor racing.
North America,NA,United States of America,USA,#b41d31/#ffffff/#39386e,"rgb(180,29,49)/rgb(255,255,255)/rgb(57,56,110)","hsl(352,72%,41%)/hsl(0,0%,100%)/hsl(241,33%,33%)",firebrick/white/darkslateblue,,,,,
Oceania,OC,United States Minor Outlying Islands,UMI,#b41d31/#ffffff/#39386e,"rgb(180,29,49)/rgb(255,255,255)/rgb(57,56,110)","hsl(352,72%,41%)/hsl(0,0%,100%)/hsl(241,33%,33%)",firebrick/white/darkslateblue,,,,,
South America,SA,Uruguay,URY,#0035a9/#ffffff/#fcd20f/#7c3d00,"rgb(0,53,169)/rgb(255,255,255)/rgb(252,210,15)/rgb(124,61,0)","hsl(221,100%,33%)/hsl(0,0%,100%)/hsl(49,98%,52%)/hsl(30,100%,24%)",darkblue/white/gold/saddlebrown,#54b7e6/#d90007/#000000,"rgb(84,183,230)/rgb(217,0,7)/rgb(0,0,0)","hsl(199,75%,62%)/hsl(358,100%,43%)/hsl(0,0%,0%)",cornflowerblue/red/black,Colors used in sports.
Asia,AS,Uzbekistan,UZB,#009ab7/#ffffff/#cf0921/#18b737,"rgb(0,154,183)/rgb(255,255,255)/rgb(207,9,33)/rgb(24,183,55)","hsl(190,100%,36%)/hsl(0,0%,100%)/hsl(353,92%,42%)/hsl(132,77%,41%)",lightseagreen/white/crimson/limegreen,,,,,
Oceania,OC,Vanuatu,VUT,#d30731/#000000/#fdcf0a/#009641,"rgb(211,7,49)/rgb(0,0,0)/rgb(253,207,10)/rgb(0,150,65)","hsl(348,94%,43%)/hsl(0,0%,0%)/hsl(49,98%,52%)/hsl(146,100%,29%)",crimson/black/gold/forestgreen,,,,,
South America,SA,Venezuela,VEN,#ffcd00/#001f7e/#d00c27,"rgb(255,205,0)/rgb(0,31,126)/rgb(208,12,39)","hsl(48,100%,50%)/hsl(225,100%,25%)/hsl(352,89%,43%)",gold/midnightblue/crimson,#8b0225,"rgb(139,2,37)","hsl(345,97%,28%)",darkred,Color used in sports.
Asia,AS,Vietnam,VNM,#db2017/#ffff00,"rgb(219,32,23)/rgb(255,255,0)","hsl(3,81%,48%)/hsl(60,100%,50%)",crimson/yellow,#ffffff,"rgb(255,255,255)","hsl(0,0%,100%)",white,Color used in sports.
North America,NA,British Virgin Islands,VGB,#006125/#ffc828/#ffffff/#001c69,"rgb(0,97,37)/rgb(255,200,40)/rgb(255,255,255)/rgb(0,28,105)","hsl(143,100%,19%)/hsl(45,100%,58%)/hsl(0,0%,100%)/hsl(224,100%,21%)",darkgreen/gold/white/midnightblue,,,,,
North America,NA,US Virgin Islands,VIR,#f4c63b/#ffffff/#0082c7/#339541,"rgb(244,198,59)/rgb(255,255,255)/rgb(0,130,199)/rgb(51,149,65)","hsl(45,89%,59%)/hsl(0,0%,100%)/hsl(201,100%,39%)/hsl(129,49%,39%)",goldenrod/white/darkcyan/seagreen,#252d95,"rgb(37,45,149)","hsl(236,60%,37%)",darkslateblue,Color used in sports.
Europe,EU,Wales,WAL,#d30731/#00ac36/#ffffff,"rgb(211,7,49)/rgb(0,172,54)/rgb(255,255,255)","hsl(348,94%,43%)/hsl(139,100%,34%)/hsl(0,0%,100%)",crimson/forestgreen/white,,,,,
Oceania,OC,Wallis and Futuna,WLF,#ed2939/#ffffff,"rgb(237,41,57)/rgb(255,255,255)","hsl(355,85%,55%)/hsl(0,0%,100%)",crimson/white,#001e96/#ffffff/#ee2536,"rgb(0,30,150)/rgb(255,255,255)/rgb(238,37,54)","hsl(228,100%,29%)/hsl(0,0%,100%)/hsl(355,86%,54%)",darkblue/white/crimson,Colors of the official French national flag.
Africa,AF,Western Sahara,ESH,#000000/#ffffff/#007a3d/#c4111b,"rgb(0,0,0)/rgb(255,255,255)/rgb(0,122,61)/rgb(196,17,27)","hsl(0,0%,0%)/hsl(0,0%,100%)/hsl(150,100%,24%)/hsl(357,84%,42%)",black/white/forestgreen/firebrick,,,,,
Asia,AS,Yemen,YEM,#cf0921/#ffffff/#000000,"rgb(207,9,33)/rgb(255,255,255)/rgb(0,0,0)","hsl(353,92%,42%)/hsl(0,0%,100%)/hsl(0,0%,0%)",crimson/white/black,,,,,
Africa,AF,Zambia,ZMB,#009e49/#ef3340/#000000/#fcad56,"rgb(0,158,73)/rgb(239,51,64)/rgb(0,0,0)/rgb(252,173,86)","hsl(148,100%,31%)/hsl(356,86%,57%)/hsl(0,0%,0%)/hsl(31,97%,66%)",seagreen/crimson/black/sandybrown,,,,,
Africa,AF,Zimbabwe,ZWE,#006400/#ffcd00/#d50000/#000000/#ffffff,"rgb(0,100,0)/rgb(255,205,0)/rgb(213,0,0)/rgb(0,0,0)/rgb(255,255,255)","hsl(120,100%,20%)/hsl(48,100%,50%)/hsl(0,100%,42%)/hsl(0,0%,0%)/hsl(0,0%,100%)",darkgreen/gold/red/black/white,,,,,
